{
  "robot_metallic_Standing_Idle": [
    -4.250073575973511,
    -4.250073575973511,
    -4.097832584381104,
    4.250073575973511,
    4.250073575973511,
    4.402314567565918
  ],
  "plaque_fixe": [
    -4.250073575973511,
    -4.250073575973511,
    -4.097832584381104,
    4.250073575973511,
    4.250073575973511,
    4.402314567565918
  ],
  "Cannister_R_UV": [
    -4.250073575973511,
    -4.250073575973511,
    -4.097832584381104,
    4.250073575973511,
    4.250073575973511,
    4.402314567565918
  ],
  "tree_house 2": [
    -4.250073575973511,
    -4.250073575973511,
    -4.097832584381104,
    4.250073575973511,
    4.250073575973511,
    4.402314567565918
  ],
  "Kitchen_Table": [
    -4.250073575973511,
    -4.250073575973511,
    -4.097832584381104,
    4.250073575973511,
    4.250073575973511,
    4.402314567565918
  ],
  "Female (Hands)": [
    -4.250073575973511,
    -4.250073575973511,
    -4.097832584381104,
    4.250073575973511,
    4.250073575973511,
    4.402314567565918
  ],
  "hilary_clinton_CHAR": [
    -4.250073575973511,
    -4.250073575973511,
    -4.097832584381104,
    4.250073575973511,
    4.250073575973511,
    4.402314567565918
  ],
  "soap-holder-victorian": [
    -4.250073575973511,
    -4.250073575973511,
    -4.097832584381104,
    4.250073575973511,
    4.250073575973511,
    4.402314567565918
  ],
  "DuckPile": [
    -4.250073575973511,
    -4.250073575973511,
    -4.097832584381104,
    4.250073575973511,
    4.250073575973511,
    4.402314567565918
  ],
  "Ant_v1": [
    -4.250073575973511,
    -4.250073575973511,
    -4.097832584381104,
    4.250073575973511,
    4.250073575973511,
    4.402314567565918
  ],
  "w_Rook": [
    -4.250073575973511,
    -4.250073575973511,
    -4.097832584381104,
    4.250073575973511,
    4.250073575973511,
    4.402314567565918
  ]
}